[
    {
        "name": "Haryana Agro Cold Storage",
        "state": "Haryana",
        "city": "Gurugram",
        "address": "Sector 59, Gurugram, Haryana, India",
        "phone": "+91-9999900001",
        "email": "info@haryanaagrocold.in",
        "latitude": 28.4235,
        "longitude": 77.0521,
        "capacity_mt": 2500,
        "type": "Private"
    },
    {
        "name": "Punjab Fresh Cold Chain",
        "state": "Punjab",
        "city": "Ludhiana",
        "address": "GT Road, Ludhiana, Punjab, India",
        "phone": "+91-9876543201",
        "email": "contact@punjabcoldchain.in",
        "latitude": 30.901,
        "longitude": 75.8573,
        "capacity_mt": 4000,
        "type": "Cooperative"
    },
    {
        "name": "UP Mega Cold Storage",
        "state": "Uttar Pradesh",
        "city": "Kanpur",
        "address": "Rama Devi, Kanpur, UP, India",
        "phone": "+91-8888881245",
        "email": "support@upmegacold.in",
        "latitude": 26.4478,
        "longitude": 80.3461,
        "capacity_mt": 7000,
        "type": "Private"
    },
    {
        "name": "Bihar Farmers Cold Warehouse",
        "state": "Bihar",
        "city": "Patna",
        "address": "Kotwali Road, Patna, Bihar, India",
        "phone": "+91-9123456781",
        "email": "info@biharfarmcold.in",
        "latitude": 25.5941,
        "longitude": 85.1376,
        "capacity_mt": 3000,
        "type": "Government"
    },
    {
        "name": "Gujarat Frozen Hub",
        "state": "Gujarat",
        "city": "Ahmedabad",
        "address": "Naroda Industrial Area, Ahmedabad, Gujarat",
        "phone": "+91-9090904567",
        "email": "hello@gujaratfrozen.in",
        "latitude": 23.05,
        "longitude": 72.64,
        "capacity_mt": 9000,
        "type": "Private"
    },
    {
        "name": "West Bengal Ice & Cold Depot",
        "state": "West Bengal",
        "city": "Kolkata",
        "address": "Salt Lake, Kolkata, WB",
        "phone": "+91-9903221100",
        "email": "service@wbicecold.in",
        "latitude": 22.5685,
        "longitude": 88.4273,
        "capacity_mt": 3500,
        "type": "Private"
    },
    {
        "name": "Maharashtra Agro Cold Storage",
        "state": "Maharashtra",
        "city": "Nashik",
        "address": "Satpur, Nashik, Maharashtra",
        "phone": "+91-9822011223",
        "email": "contact@maharashtraagro.in",
        "latitude": 19.9975,
        "longitude": 73.7898,
        "capacity_mt": 5000,
        "type": "Private"
    },
    {
        "name": "Tamil Nadu Fresh Produce Cold Chain",
        "state": "Tamil Nadu",
        "city": "Chennai",
        "address": "OMR Road, Chennai, Tamil Nadu",
        "phone": "+91-9940012234",
        "email": "fresh@tncoldchain.in",
        "latitude": 12.9352,
        "longitude": 80.225,
        "capacity_mt": 4500,
        "type": "Government"
    },
    {
        "name": "Rajasthan Desert Cold Storage",
        "state": "Rajasthan",
        "city": "Jaipur",
        "address": "Sitapura Industrial Area, Jaipur, Rajasthan",
        "phone": "+91-9787654321",
        "email": "info@rajasthancold.in",
        "latitude": 26.8123,
        "longitude": 75.8044,
        "capacity_mt": 2800,
        "type": "Private"
    },
    {
        "name": "Kerala Seafood Cold Warehouse",
        "state": "Kerala",
        "city": "Kochi",
        "address": "Willingdon Island, Kochi, Kerala",
        "phone": "+91-9847001122",
        "email": "seafood@keralacold.in",
        "latitude": 9.965,
        "longitude": 76.27,
        "capacity_mt": 6000,
        "type": "Private"
    },
    {
        "name": "Odisha Horticold",
        "state": "Odisha",
        "city": "Bhubaneswar",
        "address": "Infocity, Bhubaneswar, Odisha",
        "phone": "+91-9437010001",
        "email": "info@odishahorticold.in",
        "latitude": 20.2961,
        "longitude": 85.8245,
        "capacity_mt": 3200,
        "type": "Private"
    },
    {
        "name": "Assam Riverine Cold Storage",
        "state": "Assam",
        "city": "Silchar",
        "address": "NH 37, Silchar, Assam",
        "phone": "+91-9612003001",
        "email": "contact@assamcold.in",
        "latitude": 24.832,
        "longitude": 92.777,
        "capacity_mt": 1200,
        "type": "Cooperative"
    },
    {
        "name": "Jharkhand Agro Cold Hub",
        "state": "Jharkhand",
        "city": "Ranchi",
        "address": "Hinoo, Ranchi, Jharkhand",
        "phone": "+91-9300001122",
        "email": "support@jharkhandcold.in",
        "latitude": 23.3441,
        "longitude": 85.3096,
        "capacity_mt": 1500,
        "type": "Private"
    },
    {
        "name": "Karnataka Fresh Keepers",
        "state": "Karnataka",
        "city": "Bengaluru",
        "address": "Hoskote, Bengaluru Rural, Karnataka",
        "phone": "+91-9988776655",
        "email": "hello@kafreshkeep.in",
        "latitude": 13.0827,
        "longitude": 77.5385,
        "capacity_mt": 4200,
        "type": "Private"
    },
    {
        "name": "Nagaland Hill Cold Storage",
        "state": "Nagaland",
        "city": "Kohima",
        "address": "Khuzama Road, Kohima, Nagaland",
        "phone": "+91-7000001122",
        "email": "info@nagacold.in",
        "latitude": 25.674,
        "longitude": 94.1077,
        "capacity_mt": 300,
        "type": "Government"
    },
    {
        "name": "Manipur Valley Cold Store",
        "state": "Manipur",
        "city": "Imphal",
        "address": "Khoyathong, Imphal, Manipur",
        "phone": "+91-7080001122",
        "email": "contact@manipurecold.in",
        "latitude": 24.817,
        "longitude": 93.9368,
        "capacity_mt": 400,
        "type": "Cooperative"
    },
    {
        "name": "Sikkim Fresh Cold",
        "state": "Sikkim",
        "city": "Gangtok",
        "address": "Arithang, Gangtok, Sikkim",
        "phone": "+91-7430001122",
        "email": "info@sikkimfresh.in",
        "latitude": 27.3389,
        "longitude": 88.6065,
        "capacity_mt": 200,
        "type": "Government"
    },
    {
        "name": "Mizoram Agro Cold",
        "state": "Mizoram",
        "city": "Aizawl",
        "address": "Khatla, Aizawl, Mizoram",
        "phone": "+91-7360001122",
        "email": "support@mizoramcold.in",
        "latitude": 23.7271,
        "longitude": 92.7176,
        "capacity_mt": 150,
        "type": "Private"
    },
    {
        "name": "Meghalaya Hill Fresh",
        "state": "Meghalaya",
        "city": "Shillong",
        "address": "Police Bazaar, Shillong, Meghalaya",
        "phone": "+91-7001001122",
        "email": "info@meghfresh.in",
        "latitude": 25.5788,
        "longitude": 91.8933,
        "capacity_mt": 250,
        "type": "Cooperative"
    },
    {
        "name": "Andhra Cold Logistics",
        "state": "Andhra Pradesh",
        "city": "Vijayawada",
        "address": "Gannavaram Rd, Vijayawada, Andhra Pradesh",
        "phone": "+91-9120001122",
        "email": "contact@andhrafreeze.in",
        "latitude": 16.5062,
        "longitude": 80.648,
        "capacity_mt": 3600,
        "type": "Private"
    },
    {
        "name": "Telangana Green Cold",
        "state": "Telangana",
        "city": "Hyderabad",
        "address": "Kukatpally Industrial Area, Hyderabad, तालangana",
        "phone": "+91-9000001122",
        "email": "service@telangacold.in",
        "latitude": 17.385,
        "longitude": 78.4867,
        "capacity_mt": 4800,
        "type": "Private"
    },
    {
        "name": "Puducherry Coastal Cold Storage",
        "state": "Puducherry",
        "city": "Puducherry",
        "address": "Ariyankuppam Road, Puducherry",
        "phone": "+91-9990011122",
        "email": "info@puducold.in",
        "latitude": 11.9416,
        "longitude": 79.8083,
        "capacity_mt": 180,
        "type": "Private"
    },
    {
        "name": "Chandigarh Food Cold Hub",
        "state": "Chandigarh",
        "city": "Chandigarh",
        "address": "Industrial Area Phase I, Chandigarh",
        "phone": "+91-8720001122",
        "email": "contact@chdcold.in",
        "latitude": 30.7333,
        "longitude": 76.7794,
        "capacity_mt": 950,
        "type": "Government"
    },
    {
        "name": "Andaman Cold Storage",
        "state": "Andaman & Nicobar Islands",
        "city": "Port Blair",
        "address": "Phoenix Bay, Port Blair, A&N Islands",
        "phone": "+91-9930001122",
        "email": "info@andamancold.in",
        "latitude": 11.667,
        "longitude": 92.735,
        "capacity_mt": 120,
        "type": "Government"
    }
]